Date (Month) M.E.,Province (inc. Canada) (M.E.),Monthly Earnings
2001-01-01,Alberta,2969.5342857142855
2001-02-01,Alberta,2682.08
2001-03-01,Alberta,2960.4557142857143
2001-04-01,Alberta,2878.7571428571428
2001-05-01,Alberta,2942.5642857142857
2001-06-01,Alberta,2895.9428571428575
2001-07-01,Alberta,2980.2514285714287
2001-08-01,Alberta,2983.0857142857144
2001-09-01,Alberta,2966.485714285714
2001-10-01,Alberta,3069.5757142857146
2001-11-01,Alberta,2896.2857142857138
2001-12-01,Alberta,2985.2557142857145
2002-01-01,Alberta,3025.201428571429
2002-02-01,Alberta,2754.16
2002-03-01,Alberta,3067.0957142857146
2002-04-01,Alberta,2982.6857142857148
2002-05-01,Alberta,3015.1928571428575
2002-06-01,Alberta,2971.971428571429
2002-07-01,Alberta,3077.502857142857
2002-08-01,Alberta,3031.224285714286
2002-09-01,Alberta,2986.671428571429
2002-10-01,Alberta,3076.75
2002-11-01,Alberta,3012.5142857142855
2002-12-01,Alberta,3120.3714285714286
2003-01-01,Alberta,3114.26
2003-02-01,Alberta,2884.04
2003-03-01,Alberta,3138.484285714286
2003-04-01,Alberta,3069.2571428571428
2003-05-01,Alberta,3089.194285714286
2003-06-01,Alberta,3073.7142857142862
2003-07-01,Alberta,3152.877142857143
2003-08-01,Alberta,3193.0442857142857
2003-09-01,Alberta,3146.2285714285717
2003-10-01,Alberta,3174.7542857142857
2003-11-01,Alberta,3137.614285714286
2003-12-01,Alberta,3201.4142857142856
2004-01-01,Alberta,3235.4700000000003
2004-02-01,Alberta,3068.78
2004-03-01,Alberta,3307.522857142857
2004-04-01,Alberta,3113.4
2004-05-01,Alberta,3257.79
2004-06-01,Alberta,3135.0
2004-07-01,Alberta,3239.8985714285714
2004-08-01,Alberta,3307.212857142857
2004-09-01,Alberta,3187.414285714286
2004-10-01,Alberta,3307.301428571428
2004-11-01,Alberta,3263.185714285714
2004-12-01,Alberta,3309.1614285714286
2005-01-01,Alberta,3386.3071428571425
2005-02-01,Alberta,3143.0
2005-03-01,Alberta,3337.4157142857143
2005-04-01,Alberta,3293.871428571429
2005-05-01,Alberta,3445.2514285714287
2005-06-01,Alberta,3298.8
2005-07-01,Alberta,3429.131428571429
2005-08-01,Alberta,3493.3457142857146
2005-09-01,Alberta,3418.8
2005-10-01,Alberta,3572.395714285714
2005-11-01,Alberta,3487.2
2005-12-01,Alberta,3523.9471428571433
2006-01-01,Alberta,3583.6000000000004
2006-02-01,Alberta,3282.52
2006-03-01,Alberta,3589.49
2006-04-01,Alberta,3518.3142857142857
2006-05-01,Alberta,3651.977142857143
2006-06-01,Alberta,3467.2714285714287
2006-07-01,Alberta,3620.224285714286
2006-08-01,Alberta,3619.0285714285715
2006-09-01,Alberta,3545.528571428571
2006-10-01,Alberta,3731.381428571429
2006-11-01,Alberta,3523.8
2006-12-01,Alberta,3743.7371428571428
2007-01-01,Alberta,3786.2514285714287
2007-02-01,Alberta,3415.36
2007-03-01,Alberta,3767.3857142857146
2007-04-01,Alberta,3675.557142857143
2007-05-01,Alberta,3763.09
2007-06-01,Alberta,3749.0571428571425
2007-07-01,Alberta,3891.6514285714284
2007-08-01,Alberta,3823.362857142857
2007-09-01,Alberta,3811.457142857143
2007-10-01,Alberta,3978.407142857143
2007-11-01,Alberta,3800.2714285714287
2007-12-01,Alberta,3944.5285714285715
2008-01-01,Alberta,3918.178571428571
2008-02-01,Alberta,3823.111428571429
2008-03-01,Alberta,4070.034285714285
2008-04-01,Alberta,3928.9714285714285
2008-05-01,Alberta,3981.3300000000004
2008-06-01,Alberta,3952.1571428571424
2008-07-01,Alberta,4010.6471428571426
2008-08-01,Alberta,4084.9142857142856
2008-09-01,Alberta,4050.9857142857145
2008-10-01,Alberta,4118.084285714285
2008-11-01,Alberta,4082.528571428572
2008-12-01,Alberta,4192.262857142857
2009-01-01,Alberta,4185.0
2009-02-01,Alberta,3853.52
2009-03-01,Alberta,4260.728571428572
2009-04-01,Alberta,4007.1428571428573
2009-05-01,Alberta,4175.965714285715
2009-06-01,Alberta,4082.957142857143
2009-07-01,Alberta,4162.99
2009-08-01,Alberta,4131.547142857143
2009-09-01,Alberta,4076.9571428571426
2009-10-01,Alberta,4198.152857142858
2009-11-01,Alberta,4116.942857142857
2009-12-01,Alberta,4195.805714285714
2010-01-01,Alberta,4258.912857142857
2010-02-01,Alberta,3939.28
2010-03-01,Alberta,4390.087142857143
2010-04-01,Alberta,4244.0142857142855
2010-05-01,Alberta,4353.418571428571
2010-06-01,Alberta,4253.271428571428
2010-07-01,Alberta,4356.4742857142855
2010-08-01,Alberta,4415.817142857142
2010-09-01,Alberta,4260.728571428571
2010-10-01,Alberta,4459.66
2010-11-01,Alberta,4334.571428571428
2010-12-01,Alberta,4405.232857142857
2011-01-01,Alberta,4562.447142857143
2011-02-01,Alberta,4169.92
2011-03-01,Alberta,4550.534285714285
2011-04-01,Alberta,4425.685714285715
2011-05-01,Alberta,4569.444285714286
2011-06-01,Alberta,4389.085714285714
2011-07-01,Alberta,4501.288571428571
2011-08-01,Alberta,4608.061428571428
2011-09-01,Alberta,4398.900000000001
2011-10-01,Alberta,4655.048571428571
2011-11-01,Alberta,4498.585714285714
2011-12-01,Alberta,4592.34
2012-01-01,Alberta,4662.3557142857135
2012-02-01,Alberta,4422.044285714286
2012-03-01,Alberta,4687.465714285715
2012-04-01,Alberta,4545.857142857143
2012-05-01,Alberta,4609.832857142857
2012-06-01,Alberta,4557.942857142857
2012-07-01,Alberta,4756.507142857143
2012-08-01,Alberta,4786.001428571429
2012-09-01,Alberta,4635.9
2012-10-01,Alberta,4855.530000000001
2012-11-01,Alberta,4630.0714285714275
2012-12-01,Alberta,4821.031428571428
2013-01-01,Alberta,4735.692857142857
2013-02-01,Alberta,4454.04
2013-03-01,Alberta,4896.4057142857155
2013-04-01,Alberta,4730.057142857143
2013-05-01,Alberta,4864.608571428571
2013-06-01,Alberta,4704.471428571428
2013-07-01,Alberta,4869.347142857142
2013-08-01,Alberta,4841.048571428571
2013-09-01,Alberta,4778.014285714285
2013-10-01,Alberta,4954.641428571429
2013-11-01,Alberta,4873.757142857144
2013-12-01,Alberta,5064.9571428571435
2014-01-01,Alberta,4941.754285714286
2014-02-01,Alberta,4590.76
2014-03-01,Alberta,5116.904285714287
2014-04-01,Alberta,4918.842857142857
2014-05-01,Alberta,5023.461428571429
2014-06-01,Alberta,4933.8
2014-07-01,Alberta,5040.6442857142865
2014-08-01,Alberta,5118.011428571429
2014-09-01,Alberta,4970.9571428571435
2014-10-01,Alberta,5153.484285714286
2014-11-01,Alberta,4974.728571428571
2014-12-01,Alberta,5135.371428571429
2015-01-01,Alberta,5131.784285714285
2015-02-01,Alberta,4705.28
2015-03-01,Alberta,5195.732857142857
2015-04-01,Alberta,4931.185714285713
2001-01-01,British Columbia,2924.9828571428575
2001-02-01,British Columbia,2637.32
2001-03-01,British Columbia,2896.5957142857146
2001-04-01,British Columbia,2816.3571428571427
2001-05-01,British Columbia,2892.8757142857144
2001-06-01,British Columbia,2834.9571428571426
2001-07-01,British Columbia,2903.5042857142857
2001-08-01,British Columbia,2894.292857142857
2001-09-01,British Columbia,2824.9285714285716
2001-10-01,British Columbia,2942.4757142857143
2001-11-01,British Columbia,2807.442857142857
2001-12-01,British Columbia,2917.188571428572
2002-01-01,British Columbia,2903.194285714286
2002-02-01,British Columbia,2660.96
2002-03-01,British Columbia,2997.3457142857146
2002-04-01,British Columbia,2911.8857142857146
2002-05-01,British Columbia,2951.8642857142854
2002-06-01,British Columbia,2858.657142857143
2002-07-01,British Columbia,2971.7485714285713
2002-08-01,British Columbia,2929.19
2002-09-01,British Columbia,2900.442857142857
2002-10-01,British Columbia,2952.3071428571425
2002-11-01,British Columbia,2925.857142857143
2002-12-01,British Columbia,3044.5542857142855
2003-01-01,British Columbia,3011.9157142857143
2003-02-01,British Columbia,2762.6
2003-03-01,British Columbia,3008.9042857142854
2003-04-01,British Columbia,2939.1857142857143
2003-05-01,British Columbia,2992.2971428571423
2003-06-01,British Columbia,2957.657142857143
2003-07-01,British Columbia,2979.941428571429
2003-08-01,British Columbia,3045.44
2003-09-01,British Columbia,2976.7714285714287
2003-10-01,British Columbia,3045.2185714285715
2003-11-01,British Columbia,2991.9857142857145
2003-12-01,British Columbia,3043.6685714285713
2004-01-01,British Columbia,3067.5385714285712
2004-02-01,British Columbia,2900.4557142857143
2004-03-01,British Columbia,3088.131428571429
2004-04-01,British Columbia,2956.457142857143
2004-05-01,British Columbia,3072.8971428571426
2004-06-01,British Columbia,2955.9428571428575
2004-07-01,British Columbia,3067.1842857142856
2004-08-01,British Columbia,3096.5457142857144
2004-09-01,British Columbia,2965.3714285714286
2004-10-01,British Columbia,3126.881428571429
2004-11-01,British Columbia,3041.014285714286
2004-12-01,British Columbia,3124.578571428571
2005-01-01,British Columbia,3170.812857142857
2005-02-01,British Columbia,2904.6
2005-03-01,British Columbia,3104.4728571428573
2005-04-01,British Columbia,3099.7285714285713
2005-05-01,British Columbia,3208.854285714286
2005-06-01,British Columbia,3075.385714285714
2005-07-01,British Columbia,3178.7842857142855
2005-08-01,British Columbia,3196.675714285714
2005-09-01,British Columbia,3141.171428571429
2005-10-01,British Columbia,3219.881428571429
2005-11-01,British Columbia,3148.0714285714284
2005-12-01,British Columbia,3237.462857142857
2006-01-01,British Columbia,3265.8942857142856
2006-02-01,British Columbia,2983.68
2006-03-01,British Columbia,3246.94
2006-04-01,British Columbia,3190.0714285714284
2006-05-01,British Columbia,3315.671428571429
2006-06-01,British Columbia,3181.5
2006-07-01,British Columbia,3274.3528571428574
2006-08-01,British Columbia,3249.464285714286
2006-09-01,British Columbia,3206.9999999999995
2006-10-01,British Columbia,3328.691428571429
2006-11-01,British Columbia,3156.814285714286
2006-12-01,British Columbia,3395.2085714285713
2007-01-01,British Columbia,3377.582857142857
2007-02-01,British Columbia,3034.64
2007-03-01,British Columbia,3361.6400000000003
2007-04-01,British Columbia,3283.842857142857
2007-05-01,British Columbia,3356.104285714286
2007-06-01,British Columbia,3349.9285714285716
2007-07-01,British Columbia,3413.365714285714
2007-08-01,British Columbia,3374.0842857142857
2007-09-01,British Columbia,3314.142857142857
2007-10-01,British Columbia,3445.2957142857144
2007-11-01,British Columbia,3336.814285714286
2007-12-01,British Columbia,3466.6857142857143
2008-01-01,British Columbia,3405.7042857142856
2008-02-01,British Columbia,3293.2814285714285
2008-03-01,British Columbia,3492.637142857143
2008-04-01,British Columbia,3395.7428571428572
2008-05-01,British Columbia,3478.4657142857145
2008-06-01,British Columbia,3394.9285714285716
2008-07-01,British Columbia,3430.4157142857143
2008-08-01,British Columbia,3512.477142857143
2008-09-01,British Columbia,3427.285714285714
2008-10-01,British Columbia,3503.7971428571423
2008-11-01,British Columbia,3411.428571428571
2008-12-01,British Columbia,3497.907142857143
2009-01-01,British Columbia,3509.997142857143
2009-02-01,British Columbia,3174.84
2009-03-01,British Columbia,3537.1000000000004
2009-04-01,British Columbia,3379.842857142857
2009-05-01,British Columbia,3518.0128571428572
2009-06-01,British Columbia,3402.214285714286
2009-07-01,British Columbia,3492.194285714286
2009-08-01,British Columbia,3477.8457142857146
2009-09-01,British Columbia,3416.614285714286
2009-10-01,British Columbia,3556.408571428571
2009-11-01,British Columbia,3418.1142857142854
2009-12-01,British Columbia,3584.308571428571
2010-01-01,British Columbia,3551.7585714285715
2010-02-01,British Columbia,3251.12
2010-03-01,British Columbia,3605.964285714286
2010-04-01,British Columbia,3491.3142857142857
2010-05-01,British Columbia,3621.6857142857143
2010-06-01,British Columbia,3474.557142857143
2010-07-01,British Columbia,3625.3614285714284
2010-08-01,British Columbia,3619.2057142857143
2010-09-01,British Columbia,3514.028571428572
2010-10-01,British Columbia,3676.6442857142856
2010-11-01,British Columbia,3534.8142857142852
2010-12-01,British Columbia,3696.617142857143
2011-01-01,British Columbia,3692.985714285714
2011-02-01,British Columbia,3368.84
2011-03-01,British Columbia,3682.002857142857
2011-04-01,British Columbia,3609.7285714285713
2011-05-01,British Columbia,3740.77
2011-06-01,British Columbia,3587.5285714285715
2011-07-01,British Columbia,3669.514285714286
2011-08-01,British Columbia,3702.5957142857146
2011-09-01,British Columbia,3600.985714285714
2011-10-01,British Columbia,3753.9228571428566
2011-11-01,British Columbia,3632.7000000000003
2011-12-01,British Columbia,3785.542857142857
2012-01-01,British Columbia,3801.2200000000003
2012-02-01,British Columbia,3569.6514285714284
2012-03-01,British Columbia,3819.067142857143
2012-04-01,British Columbia,3692.1000000000004
2012-05-01,British Columbia,3770.131428571429
2012-06-01,British Columbia,3732.7285714285713
2012-07-01,British Columbia,3845.2842857142855
2012-08-01,British Columbia,3808.217142857143
2012-09-01,British Columbia,3704.6571428571424
2012-10-01,British Columbia,3859.145714285714
2012-11-01,British Columbia,3739.842857142857
2012-12-01,British Columbia,3898.1614285714286
2013-01-01,British Columbia,3816.321428571429
2013-02-01,British Columbia,3524.8
2013-03-01,British Columbia,3860.607142857143
2013-04-01,British Columbia,3743.571428571429
2013-05-01,British Columbia,3881.2000000000003
2013-06-01,British Columbia,3719.014285714286
2013-07-01,British Columbia,3829.2971428571423
2013-08-01,British Columbia,3826.02
2013-09-01,British Columbia,3725.6571428571433
2013-10-01,British Columbia,3842.051428571428
2013-11-01,British Columbia,3839.5285714285715
2013-12-01,British Columbia,3978.1414285714286
2014-01-01,British Columbia,3918.532857142857
2014-02-01,British Columbia,3592.12
2014-03-01,British Columbia,3977.3
2014-04-01,British Columbia,3837.4285714285716
2014-05-01,British Columbia,3971.7200000000003
2014-06-01,British Columbia,3805.8428571428567
2014-07-01,British Columbia,3893.7328571428575
2014-08-01,British Columbia,3976.4142857142856
2014-09-01,British Columbia,3841.242857142857
2014-10-01,British Columbia,3993.9514285714286
2014-11-01,British Columbia,3868.671428571429
2014-12-01,British Columbia,4003.9157142857143
2015-01-01,British Columbia,4036.9528571428573
2015-02-01,British Columbia,3676.8
2015-03-01,British Columbia,4037.661428571428
2015-04-01,British Columbia,3853.4999999999995
2001-01-01,Canada,2914.0885714285714
2001-02-01,Canada,2623.16
2001-03-01,Canada,2904.6114285714284
2001-04-01,Canada,2803.2428571428572
2001-05-01,Canada,2878.66
2001-06-01,Canada,2820.2571428571423
2001-07-01,Canada,2902.3971428571426
2001-08-01,Canada,2903.1057142857144
2001-09-01,Canada,2830.714285714286
2001-10-01,Canada,2927.772857142857
2001-11-01,Canada,2827.0714285714284
2001-12-01,Canada,2928.9685714285715
2002-01-01,Canada,2941.5014285714287
2002-02-01,Canada,2650.6
2002-03-01,Canada,2953.5471428571423
2002-04-01,Canada,2891.1428571428573
2002-05-01,Canada,2966.301428571428
2002-06-01,Canada,2878.9714285714285
2002-07-01,Canada,2991.4557142857143
2002-08-01,Canada,2959.9242857142854
2002-09-01,Canada,2892.214285714286
2002-10-01,Canada,3008.594285714286
2002-11-01,Canada,2914.842857142857
2002-12-01,Canada,3038.841428571429
2003-01-01,Canada,3018.0271428571427
2003-02-01,Canada,2762.16
2003-03-01,Canada,3024.448571428572
2003-04-01,Canada,2944.2428571428572
2003-05-01,Canada,3027.5042857142857
2003-06-01,Canada,2968.2000000000003
2003-07-01,Canada,3051.551428571428
2003-08-01,Canada,3057.042857142857
2003-09-01,Canada,2992.3714285714286
2003-10-01,Canada,3084.9871428571428
2003-11-01,Canada,2999.5714285714284
2003-12-01,Canada,3097.652857142857
2004-01-01,Canada,3112.178571428571
2004-02-01,Canada,2924.4842857142853
2004-03-01,Canada,3125.5528571428567
2004-04-01,Canada,3021.042857142857
2004-05-01,Canada,3140.5657142857144
2004-06-01,Canada,3031.2
2004-07-01,Canada,3127.2799999999997
2004-08-01,Canada,3133.17
2004-09-01,Canada,3050.057142857143
2004-10-01,Canada,3150.9728571428573
2004-11-01,Canada,3069.557142857143
2004-12-01,Canada,3190.52
2005-01-01,Canada,3214.655714285714
2005-02-01,Canada,2946.48
2005-03-01,Canada,3212.7514285714287
2005-04-01,Canada,3128.9142857142856
2005-05-01,Canada,3244.282857142857
2005-06-01,Canada,3158.7
2005-07-01,Canada,3244.902857142857
2005-08-01,Canada,3264.964285714286
2005-09-01,Canada,3214.9285714285716
2005-10-01,Canada,3299.285714285714
2005-11-01,Canada,3189.0857142857144
2005-12-01,Canada,3299.108571428572
2006-01-01,Canada,3303.3599999999997
2006-02-01,Canada,3003.52
2006-03-01,Canada,3323.9528571428577
2006-04-01,Canada,3216.7285714285717
2006-05-01,Canada,3322.9785714285717
2006-06-01,Canada,3230.442857142857
2006-07-01,Canada,3325.7685714285712
2006-08-01,Canada,3340.117142857143
2006-09-01,Canada,3244.9285714285716
2006-10-01,Canada,3373.198571428572
2006-11-01,Canada,3258.942857142857
2006-12-01,Canada,3425.2785714285715
2007-01-01,Canada,3426.5185714285712
2007-02-01,Canada,3106.12
2007-03-01,Canada,3472.0442857142857
2007-04-01,Canada,3349.371428571428
2007-05-01,Canada,3475.4985714285713
2007-06-01,Canada,3397.8428571428576
2007-07-01,Canada,3490.7328571428575
2007-08-01,Canada,3472.5314285714285
2007-09-01,Canada,3389.2714285714287
2007-10-01,Canada,3514.3371428571427
2007-11-01,Canada,3425.0142857142855
2007-12-01,Canada,3540.5542857142855
2008-01-01,Canada,3531.8742857142856
2008-02-01,Canada,3353.9328571428573
2008-03-01,Canada,3580.19
2008-04-01,Canada,3473.2285714285713
2008-05-01,Canada,3573.37
2008-06-01,Canada,3479.4857142857145
2008-07-01,Canada,3575.451428571429
2008-08-01,Canada,3569.2957142857144
2008-09-01,Canada,3484.9285714285716
2008-10-01,Canada,3622.2614285714285
2008-11-01,Canada,3508.8
2008-12-01,Canada,3606.938571428572
2009-01-01,Canada,3609.6842857142856
2009-02-01,Canada,3298.56
2009-03-01,Canada,3650.4271428571424
2009-04-01,Canada,3503.828571428571
2009-05-01,Canada,3612.252857142857
2009-06-01,Canada,3525.985714285714
2009-07-01,Canada,3627.354285714286
2009-08-01,Canada,3613.6257142857144
2009-09-01,Canada,3539.314285714286
2009-10-01,Canada,3654.944285714286
2009-11-01,Canada,3549.8571428571427
2009-12-01,Canada,3694.8457142857146
2010-01-01,Canada,3690.0185714285712
2010-02-01,Canada,3391.48
2010-03-01,Canada,3745.73
2010-04-01,Canada,3622.9714285714285
2010-05-01,Canada,3740.592857142857
2010-06-01,Canada,3650.1428571428573
2010-07-01,Canada,3761.54
2010-08-01,Canada,3777.3500000000004
2010-09-01,Canada,3696.428571428571
2010-10-01,Canada,3809.678571428571
2010-11-01,Canada,3703.842857142857
2010-12-01,Canada,3844.31
2011-01-01,Canada,3857.551428571428
2011-02-01,Canada,3509.28
2011-03-01,Canada,3868.4457142857145
2011-04-01,Canada,3726.3
2011-05-01,Canada,3848.6057142857144
2011-06-01,Canada,3734.2285714285717
2011-07-01,Canada,3830.2714285714283
2011-08-01,Canada,3842.582857142857
2011-09-01,Canada,3727.3285714285716
2011-10-01,Canada,3906.2214285714285
2011-11-01,Canada,3773.3142857142857
2011-12-01,Canada,3914.4585714285713
2012-01-01,Canada,3912.022857142857
2012-02-01,Canada,3677.49
2012-03-01,Canada,3941.428571428571
2012-04-01,Canada,3809.4857142857145
2012-05-01,Canada,3932.04
2012-06-01,Canada,3834.7714285714287
2012-07-01,Canada,3972.162857142857
2012-08-01,Canada,3983.1899999999996
2012-09-01,Canada,3851.142857142857
2012-10-01,Canada,4000.284285714285
2012-11-01,Canada,3872.8714285714286
2012-12-01,Canada,4022.7814285714285
2013-01-01,Canada,3978.805714285714
2013-02-01,Canada,3647.04
2013-03-01,Canada,4008.831428571429
2013-04-01,Canada,3880.3285714285716
2013-05-01,Canada,4032.4799999999996
2013-06-01,Canada,3908.314285714286
2013-07-01,Canada,4015.917142857143
2013-08-01,Canada,4018.0428571428565
2013-09-01,Canada,3890.828571428571
2013-10-01,Canada,4058.5642857142857
2013-11-01,Canada,3952.971428571429
2013-12-01,Canada,4119.811428571428
2014-01-01,Canada,4075.082857142857
2014-02-01,Canada,3732.6
2014-03-01,Canada,4122.0257142857145
2014-04-01,Canada,3990.5142857142855
2014-05-01,Canada,4130.617142857142
2014-06-01,Canada,4022.442857142857
2014-07-01,Canada,4159.757142857143
2014-08-01,Canada,4141.688571428572
2014-09-01,Canada,4006.0285714285715
2014-10-01,Canada,4165.868571428571
2014-11-01,Canada,4019.271428571429
2014-12-01,Canada,4200.057142857143
2015-01-01,Canada,4184.911428571429
2015-02-01,Canada,3831.2
2015-03-01,Canada,4235.928571428572
2015-04-01,Canada,4091.571428571429
2001-01-01,Manitoba,2563.921428571429
2001-02-01,Manitoba,2322.52
2001-03-01,Manitoba,2562.681428571428
2001-04-01,Manitoba,2470.114285714286
2001-05-01,Manitoba,2532.4342857142856
2001-06-01,Manitoba,2522.828571428571
2001-07-01,Manitoba,2596.515714285714
2001-08-01,Manitoba,2623.131428571429
2001-09-01,Manitoba,2518.842857142857
2001-10-01,Manitoba,2601.298571428571
2001-11-01,Manitoba,2513.828571428571
2001-12-01,Manitoba,2626.275714285714
2002-01-01,Manitoba,2611.1742857142854
2002-02-01,Manitoba,2377.24
2002-03-01,Manitoba,2646.292857142857
2002-04-01,Manitoba,2577.257142857143
2002-05-01,Manitoba,2648.02
2002-06-01,Manitoba,2580.5142857142855
2002-07-01,Manitoba,2690.091428571429
2002-08-01,Manitoba,2671.6242857142856
2002-09-01,Manitoba,2589.4285714285716
2002-10-01,Manitoba,2675.787142857143
2002-11-01,Manitoba,2656.9285714285716
2002-12-01,Manitoba,2765.377142857143
2003-01-01,Manitoba,2733.6242857142856
2003-02-01,Manitoba,2473.64
2003-03-01,Manitoba,2715.7328571428575
2003-04-01,Manitoba,2628.7285714285717
2003-05-01,Manitoba,2697.265714285714
2003-06-01,Manitoba,2654.4857142857145
2003-07-01,Manitoba,2710.905714285714
2003-08-01,Manitoba,2753.818571428572
2003-09-01,Manitoba,2681.8285714285716
2003-10-01,Manitoba,2762.41
2003-11-01,Manitoba,2672.957142857143
2003-12-01,Manitoba,2794.6499999999996
2004-01-01,Manitoba,2802.2671428571425
2004-02-01,Manitoba,2620.647142857143
2004-03-01,Manitoba,2786.811428571428
2004-04-01,Manitoba,2692.4571428571426
2004-05-01,Manitoba,2806.562857142857
2004-06-01,Manitoba,2713.028571428571
2004-07-01,Manitoba,2795.4914285714285
2004-08-01,Manitoba,2817.5457142857144
2004-09-01,Manitoba,2721.8571428571427
2004-10-01,Manitoba,2883.5757142857146
2004-11-01,Manitoba,2780.828571428571
2004-12-01,Manitoba,2869.4928571428572
2005-01-01,Manitoba,2918.2514285714287
2005-02-01,Manitoba,2638.52
2005-03-01,Manitoba,2913.645714285714
2005-04-01,Manitoba,2819.442857142857
2005-05-01,Manitoba,2924.23
2005-06-01,Manitoba,2867.0142857142855
2005-07-01,Manitoba,2944.38
2005-08-01,Manitoba,2959.26
2005-09-01,Manitoba,2899.0714285714284
2005-10-01,Manitoba,2980.074285714286
2005-11-01,Manitoba,2870.1
2005-12-01,Manitoba,2975.5571428571425
2006-01-01,Manitoba,2990.6142857142854
2006-02-01,Manitoba,2704.12
2006-03-01,Manitoba,3001.7742857142857
2006-04-01,Manitoba,2895.385714285714
2006-05-01,Manitoba,2974.4500000000003
2006-06-01,Manitoba,2963.3142857142857
2006-07-01,Manitoba,3014.484285714286
2006-08-01,Manitoba,3002.925714285714
2006-09-01,Manitoba,2977.285714285714
2006-10-01,Manitoba,3066.1214285714286
2006-11-01,Manitoba,2956.328571428571
2006-12-01,Manitoba,3175.817142857143
2007-01-01,Manitoba,3134.2328571428575
2007-02-01,Manitoba,2856.88
2007-03-01,Manitoba,3208.9871428571428
2007-04-01,Manitoba,3081.7714285714287
2007-05-01,Manitoba,3149.9542857142856
2007-06-01,Manitoba,3150.3428571428576
2007-07-01,Manitoba,3203.8942857142856
2007-08-01,Manitoba,3204.292857142857
2007-09-01,Manitoba,3111.3857142857146
2007-10-01,Manitoba,3244.7257142857143
2007-11-01,Manitoba,3171.171428571429
2007-12-01,Manitoba,3263.7685714285712
2008-01-01,Manitoba,3220.4128571428573
2008-02-01,Manitoba,3115.635714285714
2008-03-01,Manitoba,3289.631428571429
2008-04-01,Manitoba,3194.314285714286
2008-05-01,Manitoba,3289.4542857142856
2008-06-01,Manitoba,3194.2714285714287
2008-07-01,Manitoba,3264.078571428571
2008-08-01,Manitoba,3307.832857142857
2008-09-01,Manitoba,3205.7571428571428
2008-10-01,Manitoba,3320.7200000000003
2008-11-01,Manitoba,3205.3714285714286
2008-12-01,Manitoba,3356.591428571429
2009-01-01,Manitoba,3380.417142857143
2009-02-01,Manitoba,3064.76
2009-03-01,Manitoba,3401.94
2009-04-01,Manitoba,3228.2571428571428
2009-05-01,Manitoba,3335.3342857142857
2009-06-01,Manitoba,3267.8142857142857
2009-07-01,Manitoba,3387.4142857142856
2009-08-01,Manitoba,3365.0499999999997
2009-09-01,Manitoba,3324.9857142857145
2009-10-01,Manitoba,3449.3257142857146
2009-11-01,Manitoba,3284.7428571428577
2009-12-01,Manitoba,3399.1499999999996
2010-01-01,Manitoba,3385.1114285714284
2010-02-01,Manitoba,3105.28
2010-03-01,Manitoba,3420.6285714285714
2010-04-01,Manitoba,3312.0857142857144
2010-05-01,Manitoba,3412.7457142857143
2010-06-01,Manitoba,3333.3
2010-07-01,Manitoba,3454.551428571428
2010-08-01,Manitoba,3452.381428571429
2010-09-01,Manitoba,3372.857142857143
2010-10-01,Manitoba,3523.681428571428
2010-11-01,Manitoba,3383.828571428571
2010-12-01,Manitoba,3550.872857142857
2011-01-01,Manitoba,3528.0657142857144
2011-02-01,Manitoba,3201.0
2011-03-01,Manitoba,3530.5457142857144
2011-04-01,Manitoba,3428.0142857142855
2011-05-01,Manitoba,3543.3885714285716
2011-06-01,Manitoba,3435.7285714285713
2011-07-01,Manitoba,3540.1114285714284
2011-08-01,Manitoba,3565.5314285714285
2011-09-01,Manitoba,3446.785714285714
2011-10-01,Manitoba,3564.4242857142854
2011-11-01,Manitoba,3436.157142857143
2011-12-01,Manitoba,3563.1842857142856
2012-01-01,Manitoba,3612.607142857143
2012-02-01,Manitoba,3335.3728571428574
2012-03-01,Manitoba,3636.432857142857
2012-04-01,Manitoba,3485.5714285714284
2012-05-01,Manitoba,3586.6114285714284
2012-06-01,Manitoba,3546.9857142857145
2012-07-01,Manitoba,3648.1685714285713
2012-08-01,Manitoba,3689.2214285714285
2012-09-01,Manitoba,3573.385714285714
2012-10-01,Manitoba,3679.877142857143
2012-11-01,Manitoba,3534.2999999999997
2012-12-01,Manitoba,3701.6657142857143
2013-01-01,Manitoba,3639.5771428571434
2013-02-01,Manitoba,3262.44
2013-03-01,Manitoba,3669.4700000000003
2013-04-01,Manitoba,3520.0285714285715
2013-05-01,Manitoba,3608.0457142857144
2013-06-01,Manitoba,3554.1
2013-07-01,Manitoba,3646.131428571429
2013-08-01,Manitoba,3652.42
2013-09-01,Manitoba,3521.957142857143
2013-10-01,Manitoba,3641.9685714285715
2013-11-01,Manitoba,3608.957142857143
2013-12-01,Manitoba,3827.437142857143
2014-01-01,Manitoba,3727.2628571428572
2014-02-01,Manitoba,3407.28
2014-03-01,Manitoba,3789.2185714285715
2014-04-01,Manitoba,3677.1000000000004
2014-05-01,Manitoba,3774.515714285714
2014-06-01,Manitoba,3718.928571428571
2014-07-01,Manitoba,3810.1657142857143
2014-08-01,Manitoba,3875.3985714285714
2014-09-01,Manitoba,3725.7000000000003
2014-10-01,Manitoba,3863.5299999999997
2014-11-01,Manitoba,3694.5857142857144
2014-12-01,Manitoba,3927.877142857143
2015-01-01,Manitoba,3875.752857142857
2015-02-01,Manitoba,3493.4
2015-03-01,Manitoba,3831.9985714285713
2015-04-01,Manitoba,3705.8142857142857
2001-01-01,Newbrunswick,2589.607142857143
2001-02-01,Newbrunswick,2340.44
2001-03-01,Newbrunswick,2586.8614285714284
2001-04-01,Newbrunswick,2489.6571428571424
2001-05-01,Newbrunswick,2561.6628571428573
2001-06-01,Newbrunswick,2497.6714285714284
2001-07-01,Newbrunswick,2571.0957142857146
2001-08-01,Newbrunswick,2669.764285714286
2001-09-01,Newbrunswick,2547.4714285714285
2001-10-01,Newbrunswick,2638.2771428571427
2001-11-01,Newbrunswick,2563.328571428571
2001-12-01,Newbrunswick,2667.6385714285716
2002-01-01,Newbrunswick,2653.555714285714
2002-02-01,Newbrunswick,2385.16
2002-03-01,Newbrunswick,2663.7414285714285
2002-04-01,Newbrunswick,2589.3428571428567
2002-05-01,Newbrunswick,2671.712857142857
2002-06-01,Newbrunswick,2589.471428571429
2002-07-01,Newbrunswick,2678.887142857143
2002-08-01,Newbrunswick,2650.19
2002-09-01,Newbrunswick,2583.7714285714283
2002-10-01,Newbrunswick,2719.7628571428572
2002-11-01,Newbrunswick,2613.7285714285717
2002-12-01,Newbrunswick,2708.071428571429
2003-01-01,Newbrunswick,2712.9428571428575
2003-02-01,Newbrunswick,2457.92
2003-03-01,Newbrunswick,2706.167142857143
2003-04-01,Newbrunswick,2635.8
2003-05-01,Newbrunswick,2712.7214285714285
2003-06-01,Newbrunswick,2647.8428571428576
2003-07-01,Newbrunswick,2747.7514285714287
2003-08-01,Newbrunswick,2747.3971428571426
2003-09-01,Newbrunswick,2687.5714285714284
2003-10-01,Newbrunswick,2773.525714285714
2003-11-01,Newbrunswick,2705.1428571428573
2003-12-01,Newbrunswick,2762.8528571428574
2004-01-01,Newbrunswick,2797.9714285714285
2004-02-01,Newbrunswick,2596.37
2004-03-01,Newbrunswick,2759.5757142857146
2004-04-01,Newbrunswick,2661.4714285714285
2004-05-01,Newbrunswick,2786.59
2004-06-01,Newbrunswick,2682.171428571429
2004-07-01,Newbrunswick,2761.612857142857
2004-08-01,Newbrunswick,2754.4828571428575
2004-09-01,Newbrunswick,2695.9285714285716
2004-10-01,Newbrunswick,2800.318571428572
2004-11-01,Newbrunswick,2718.471428571428
2004-12-01,Newbrunswick,2848.9885714285715
2005-01-01,Newbrunswick,2890.2185714285715
2005-02-01,Newbrunswick,2616.44
2005-03-01,Newbrunswick,2878.5271428571427
2005-04-01,Newbrunswick,2787.857142857143
2005-05-01,Newbrunswick,2873.6114285714284
2005-06-01,Newbrunswick,2791.071428571429
2005-07-01,Newbrunswick,2881.0071428571428
2005-08-01,Newbrunswick,2879.678571428571
2005-09-01,Newbrunswick,2840.3999999999996
2005-10-01,Newbrunswick,2942.032857142857
2005-11-01,Newbrunswick,2843.657142857143
2005-12-01,Newbrunswick,2937.8257142857146
2006-01-01,Newbrunswick,2956.6028571428574
2006-02-01,Newbrunswick,2669.12
2006-03-01,Newbrunswick,2951.155714285714
2006-04-01,Newbrunswick,2864.9571428571426
2006-05-01,Newbrunswick,2951.9528571428577
2006-06-01,Newbrunswick,2878.3714285714286
2006-07-01,Newbrunswick,2952.7942857142857
2006-08-01,Newbrunswick,2952.0414285714287
2006-09-01,Newbrunswick,2914.6285714285714
2006-10-01,Newbrunswick,3015.015714285714
2006-11-01,Newbrunswick,2945.7428571428572
2006-12-01,Newbrunswick,3091.3642857142854
2007-01-01,Newbrunswick,3085.917142857143
2007-02-01,Newbrunswick,2802.04
2007-03-01,Newbrunswick,3138.6614285714286
2007-04-01,Newbrunswick,3016.457142857143
2007-05-01,Newbrunswick,3140.2557142857145
2007-06-01,Newbrunswick,3039.7285714285713
2007-07-01,Newbrunswick,3097.032857142857
2007-08-01,Newbrunswick,3105.2257142857143
2007-09-01,Newbrunswick,3026.528571428572
2007-10-01,Newbrunswick,3159.7414285714285
2007-11-01,Newbrunswick,3084.5142857142855
2007-12-01,Newbrunswick,3203.6728571428566
2008-01-01,Newbrunswick,3178.6957142857145
2008-02-01,Newbrunswick,3002.7014285714286
2008-03-01,Newbrunswick,3196.8971428571426
2008-04-01,Newbrunswick,3097.9714285714285
2008-05-01,Newbrunswick,3217.578571428571
2008-06-01,Newbrunswick,3106.2
2008-07-01,Newbrunswick,3249.907142857143
2008-08-01,Newbrunswick,3249.7742857142857
2008-09-01,Newbrunswick,3141.0
2008-10-01,Newbrunswick,3282.014285714286
2008-11-01,Newbrunswick,3165.985714285714
2008-12-01,Newbrunswick,3262.9271428571424
2009-01-01,Newbrunswick,3287.8599999999997
2009-02-01,Newbrunswick,2982.4
2009-03-01,Newbrunswick,3305.485714285714
2009-04-01,Newbrunswick,3177.5142857142855
2009-05-01,Newbrunswick,3286.5757142857146
2009-06-01,Newbrunswick,3178.2000000000003
2009-07-01,Newbrunswick,3350.4357142857143
2009-08-01,Newbrunswick,3318.107142857143
2009-09-01,Newbrunswick,3268.2000000000003
2009-10-01,Newbrunswick,3313.8557142857144
2009-11-01,Newbrunswick,3226.1142857142854
2009-12-01,Newbrunswick,3358.54
2010-01-01,Newbrunswick,3344.2799999999997
2010-02-01,Newbrunswick,3047.92
2010-03-01,Newbrunswick,3373.287142857143
2010-04-01,Newbrunswick,3270.5142857142855
2010-05-01,Newbrunswick,3320.2771428571427
2010-06-01,Newbrunswick,3233.1
2010-07-01,Newbrunswick,3335.9985714285713
2010-08-01,Newbrunswick,3322.0042857142857
2010-09-01,Newbrunswick,3271.157142857143
2010-10-01,Newbrunswick,3391.09
2010-11-01,Newbrunswick,3297.2999999999997
2010-12-01,Newbrunswick,3448.44
2011-01-01,Newbrunswick,3476.0299999999997
2011-02-01,Newbrunswick,3140.64
2011-03-01,Newbrunswick,3489.227142857143
2011-04-01,Newbrunswick,3389.914285714286
2011-05-01,Newbrunswick,3464.3385714285714
2011-06-01,Newbrunswick,3329.314285714286
2011-07-01,Newbrunswick,3457.872857142857
2011-08-01,Newbrunswick,3453.0457142857144
2011-09-01,Newbrunswick,3382.9714285714285
2011-10-01,Newbrunswick,3521.865714285714
2011-11-01,Newbrunswick,3428.1
2011-12-01,Newbrunswick,3518.5885714285714
2012-01-01,Newbrunswick,3511.9457142857145
2012-02-01,Newbrunswick,3319.257142857143
2012-03-01,Newbrunswick,3576.957142857143
2012-04-01,Newbrunswick,3457.6285714285714
2012-05-01,Newbrunswick,3572.3071428571425
2012-06-01,Newbrunswick,3473.4
2012-07-01,Newbrunswick,3567.4357142857143
2012-08-01,Newbrunswick,3580.145714285714
2012-09-01,Newbrunswick,3450.5142857142855
2012-10-01,Newbrunswick,3600.96
2012-11-01,Newbrunswick,3473.571428571429
2012-12-01,Newbrunswick,3591.217142857143
2013-01-01,Newbrunswick,3550.607142857143
2013-02-01,Newbrunswick,3201.52
2013-03-01,Newbrunswick,3516.108571428572
2013-04-01,Newbrunswick,3428.4
2013-05-01,Newbrunswick,3578.6842857142856
2013-06-01,Newbrunswick,3469.285714285714
2013-07-01,Newbrunswick,3542.812857142857
2013-08-01,Newbrunswick,3549.19
2013-09-01,Newbrunswick,3385.328571428571
2013-10-01,Newbrunswick,3565.3985714285714
2013-11-01,Newbrunswick,3535.157142857143
2013-12-01,Newbrunswick,3630.1000000000004
2014-01-01,Newbrunswick,3576.071428571429
2014-02-01,Newbrunswick,3292.76
2014-03-01,Newbrunswick,3600.2514285714287
2014-04-01,Newbrunswick,3565.4142857142856
2014-05-01,Newbrunswick,3696.6614285714286
2014-06-01,Newbrunswick,3577.9285714285716
2014-07-01,Newbrunswick,3731.957142857143
2014-08-01,Newbrunswick,3660.967142857143
2014-09-01,Newbrunswick,3584.7
2014-10-01,Newbrunswick,3713.312857142857
2014-11-01,Newbrunswick,3594.471428571429
2014-12-01,Newbrunswick,3792.407142857143
2015-01-01,Newbrunswick,3728.99
2015-02-01,Newbrunswick,3417.56
2015-03-01,Newbrunswick,3756.402857142857
2015-04-01,Newbrunswick,3706.328571428571
2001-01-01,Newfoundland and Labrador,2630.571428571429
2001-02-01,Newfoundland and Labrador,2367.68
2001-03-01,Newfoundland and Labrador,2628.224285714286
2001-04-01,Newfoundland and Labrador,2536.971428571429
2001-05-01,Newfoundland and Labrador,2604.841428571429
2001-06-01,Newfoundland and Labrador,2536.5
2001-07-01,Newfoundland and Labrador,2616.887142857143
2001-08-01,Newfoundland and Labrador,2628.49
2001-09-01,Newfoundland and Labrador,2575.5000000000005
2001-10-01,Newfoundland and Labrador,2641.5985714285716
2001-11-01,Newfoundland and Labrador,2508.3
2001-12-01,Newfoundland and Labrador,2630.7042857142856
2002-01-01,Newfoundland and Labrador,2653.555714285714
2002-02-01,Newfoundland and Labrador,2361.48
2002-03-01,Newfoundland and Labrador,2657.3642857142854
2002-04-01,Newfoundland and Labrador,2591.9142857142856
2002-05-01,Newfoundland and Labrador,2706.122857142857
2002-06-01,Newfoundland and Labrador,2601.7714285714287
2002-07-01,Newfoundland and Labrador,2690.578571428571
2002-08-01,Newfoundland and Labrador,2675.0342857142855
2002-09-01,Newfoundland and Labrador,2625.9
2002-10-01,Newfoundland and Labrador,2738.141428571428
2002-11-01,Newfoundland and Labrador,2666.057142857143
2002-12-01,Newfoundland and Labrador,2789.025714285714
2003-01-01,Newfoundland and Labrador,2767.68
2003-02-01,Newfoundland and Labrador,2547.0
2003-03-01,Newfoundland and Labrador,2786.9885714285715
2003-04-01,Newfoundland and Labrador,2726.442857142857
2003-05-01,Newfoundland and Labrador,2842.7885714285712
2003-06-01,Newfoundland and Labrador,2779.4142857142856
2003-07-01,Newfoundland and Labrador,2888.0042857142857
2003-08-01,Newfoundland and Labrador,2879.014285714286
2003-09-01,Newfoundland and Labrador,2755.457142857143
2003-10-01,Newfoundland and Labrador,2787.298571428571
2003-11-01,Newfoundland and Labrador,2758.671428571429
2003-12-01,Newfoundland and Labrador,2833.0014285714287
2004-01-01,Newfoundland and Labrador,2861.6099999999997
2004-02-01,Newfoundland and Labrador,2709.5114285714285
2004-03-01,Newfoundland and Labrador,2906.8257142857146
2004-04-01,Newfoundland and Labrador,2751.8571428571427
2004-05-01,Newfoundland and Labrador,2974.317142857143
2004-06-01,Newfoundland and Labrador,2820.1285714285714
2004-07-01,Newfoundland and Labrador,2927.108571428572
2004-08-01,Newfoundland and Labrador,2885.0814285714287
2004-09-01,Newfoundland and Labrador,2784.6000000000004
2004-10-01,Newfoundland and Labrador,2922.7685714285712
2004-11-01,Newfoundland and Labrador,2812.2428571428577
2004-12-01,Newfoundland and Labrador,2919.801428571428
2005-01-01,Newfoundland and Labrador,2977.8157142857144
2005-02-01,Newfoundland and Labrador,2708.2
2005-03-01,Newfoundland and Labrador,2942.962857142857
2005-04-01,Newfoundland and Labrador,2898.128571428572
2005-05-01,Newfoundland and Labrador,3018.071428571429
2005-06-01,Newfoundland and Labrador,2922.257142857143
2005-07-01,Newfoundland and Labrador,3046.4142857142856
2005-08-01,Newfoundland and Labrador,3029.8514285714286
2005-09-01,Newfoundland and Labrador,2946.342857142857
2005-10-01,Newfoundland and Labrador,3075.5985714285716
2005-11-01,Newfoundland and Labrador,2953.0714285714284
2005-12-01,Newfoundland and Labrador,3051.33
2006-01-01,Newfoundland and Labrador,3083.88
2006-02-01,Newfoundland and Labrador,2787.72
2006-03-01,Newfoundland and Labrador,3087.4228571428566
2006-04-01,Newfoundland and Labrador,3026.6571428571433
2006-05-01,Newfoundland and Labrador,3130.4242857142854
2006-06-01,Newfoundland and Labrador,3012.2999999999997
2006-07-01,Newfoundland and Labrador,3114.437142857143
2006-08-01,Newfoundland and Labrador,3108.4585714285713
2006-09-01,Newfoundland and Labrador,3057.9857142857145
2006-10-01,Newfoundland and Labrador,3161.5571428571425
2006-11-01,Newfoundland and Labrador,3027.257142857143
2006-12-01,Newfoundland and Labrador,3218.287142857143
2007-01-01,Newfoundland and Labrador,3229.58
2007-02-01,Newfoundland and Labrador,2886.12
2007-03-01,Newfoundland and Labrador,3240.2971428571423
2007-04-01,Newfoundland and Labrador,3166.7999999999997
2007-05-01,Newfoundland and Labrador,3225.1957142857145
2007-06-01,Newfoundland and Labrador,3174.2142857142853
2007-07-01,Newfoundland and Labrador,3267.887142857143
2007-08-01,Newfoundland and Labrador,3223.025714285714
2007-09-01,Newfoundland and Labrador,3172.285714285714
2007-10-01,Newfoundland and Labrador,3293.9271428571424
2007-11-01,Newfoundland and Labrador,3178.4142857142856
2007-12-01,Newfoundland and Labrador,3283.1657142857143
2008-01-01,Newfoundland and Labrador,3283.962857142857
2008-02-01,Newfoundland and Labrador,3112.28
2008-03-01,Newfoundland and Labrador,3354.1114285714284
2008-04-01,Newfoundland and Labrador,3267.8142857142857
2008-05-01,Newfoundland and Labrador,3369.655714285714
2008-06-01,Newfoundland and Labrador,3281.7428571428572
2008-07-01,Newfoundland and Labrador,3360.842857142857
2008-08-01,Newfoundland and Labrador,3414.0299999999997
2008-09-01,Newfoundland and Labrador,3313.0714285714284
2008-10-01,Newfoundland and Labrador,3431.7442857142855
2008-11-01,Newfoundland and Labrador,3378.985714285714
2008-12-01,Newfoundland and Labrador,3458.67
2009-01-01,Newfoundland and Labrador,3436.0842857142857
2009-02-01,Newfoundland and Labrador,3137.88
2009-03-01,Newfoundland and Labrador,3541.7942857142857
2009-04-01,Newfoundland and Labrador,3419.3571428571427
2009-05-01,Newfoundland and Labrador,3566.9928571428572
2009-06-01,Newfoundland and Labrador,3420.0428571428574
2009-07-01,Newfoundland and Labrador,3557.7371428571428
2009-08-01,Newfoundland and Labrador,3494.4528571428577
2009-09-01,Newfoundland and Labrador,3426.128571428571
2009-10-01,Newfoundland and Labrador,3596.7971428571423
2009-11-01,Newfoundland and Labrador,3524.4
2009-12-01,Newfoundland and Labrador,3634.13
2010-01-01,Newfoundland and Labrador,3613.98
2010-02-01,Newfoundland and Labrador,3348.56
2010-03-01,Newfoundland and Labrador,3703.2157142857145
2010-04-01,Newfoundland and Labrador,3582.9857142857145
2010-05-01,Newfoundland and Labrador,3676.3785714285714
2010-06-01,Newfoundland and Labrador,3584.014285714286
2010-07-01,Newfoundland and Labrador,3662.207142857143
2010-08-01,Newfoundland and Labrador,3695.2885714285712
2010-09-01,Newfoundland and Labrador,3619.028571428572
2010-10-01,Newfoundland and Labrador,3702.33
2010-11-01,Newfoundland and Labrador,3638.7
2010-12-01,Newfoundland and Labrador,3790.9014285714284
2011-01-01,Newfoundland and Labrador,3826.4185714285713
2011-02-01,Newfoundland and Labrador,3530.84
2011-03-01,Newfoundland and Labrador,3896.655714285714
2011-04-01,Newfoundland and Labrador,3742.1571428571424
2011-05-01,Newfoundland and Labrador,3852.2814285714285
2011-06-01,Newfoundland and Labrador,3693.6428571428573
2011-07-01,Newfoundland and Labrador,3863.618571428571
2011-08-01,Newfoundland and Labrador,3853.122857142857
2011-09-01,Newfoundland and Labrador,3790.0285714285715
2011-10-01,Newfoundland and Labrador,3981.95
2011-11-01,Newfoundland and Labrador,3819.557142857143
2011-12-01,Newfoundland and Labrador,3984.43
2012-01-01,Newfoundland and Labrador,4009.982857142857
2012-02-01,Newfoundland and Labrador,3780.357142857143
2012-03-01,Newfoundland and Labrador,4074.95
2012-04-01,Newfoundland and Labrador,3976.585714285714
2012-05-01,Newfoundland and Labrador,4056.615714285714
2012-06-01,Newfoundland and Labrador,3944.957142857143
2012-07-01,Newfoundland and Labrador,4139.651428571429
2012-08-01,Newfoundland and Labrador,4165.7357142857145
2012-09-01,Newfoundland and Labrador,4016.8714285714286
2012-10-01,Newfoundland and Labrador,4144.877142857144
2012-11-01,Newfoundland and Labrador,3994.285714285714
2012-12-01,Newfoundland and Labrador,4134.248571428571
2013-01-01,Newfoundland and Labrador,4138.278571428572
2013-02-01,Newfoundland and Labrador,3808.6
2013-03-01,Newfoundland and Labrador,4185.9742857142855
2013-04-01,Newfoundland and Labrador,4055.828571428571
2013-05-01,Newfoundland and Labrador,4164.0085714285715
2013-06-01,Newfoundland and Labrador,4030.0714285714284
2013-07-01,Newfoundland and Labrador,4201.784285714285
2013-08-01,Newfoundland and Labrador,4215.822857142857
2013-09-01,Newfoundland and Labrador,4093.4571428571426
2013-10-01,Newfoundland and Labrador,4282.251428571429
2013-11-01,Newfoundland and Labrador,4171.928571428572
2013-12-01,Newfoundland and Labrador,4307.892857142858
2014-01-01,Newfoundland and Labrador,4243.28
2014-02-01,Newfoundland and Labrador,3913.96
2014-03-01,Newfoundland and Labrador,4354.215714285715
2014-04-01,Newfoundland and Labrador,4239.471428571428
2014-05-01,Newfoundland and Labrador,4386.5
2014-06-01,Newfoundland and Labrador,4269.171428571429
2014-07-01,Newfoundland and Labrador,4408.465714285715
2014-08-01,Newfoundland and Labrador,4365.5085714285715
2014-09-01,Newfoundland and Labrador,4274.0142857142855
2014-10-01,Newfoundland and Labrador,4435.524285714286
2014-11-01,Newfoundland and Labrador,4317.3
2014-12-01,Newfoundland and Labrador,4459.482857142857
2015-01-01,Newfoundland and Labrador,4460.4571428571435
2015-02-01,Newfoundland and Labrador,4063.3999999999996
2015-03-01,Newfoundland and Labrador,4529.321428571428
2015-04-01,Newfoundland and Labrador,4369.757142857143
2001-01-01,Novascotia,2529.9542857142856
2001-02-01,Novascotia,2280.24
2001-03-01,Novascotia,2527.3857142857146
2001-04-01,Novascotia,2437.285714285714
2001-05-01,Novascotia,2515.2514285714287
2001-06-01,Novascotia,2470.3714285714286
2001-07-01,Novascotia,2551.5657142857144
2001-08-01,Novascotia,2566.5342857142855
2001-09-01,Novascotia,2471.785714285714
2001-10-01,Novascotia,2580.8385714285714
2001-11-01,Novascotia,2499.2142857142853
2001-12-01,Novascotia,2631.2799999999997
2002-01-01,Novascotia,2620.607142857143
2002-02-01,Novascotia,2346.4
2002-03-01,Novascotia,2612.6357142857146
2002-04-01,Novascotia,2550.857142857143
2002-05-01,Novascotia,2650.367142857143
2002-06-01,Novascotia,2577.7714285714287
2002-07-01,Novascotia,2676.9828571428575
2002-08-01,Novascotia,2626.142857142857
2002-09-01,Novascotia,2536.1142857142854
2002-10-01,Novascotia,2651.828571428571
2002-11-01,Novascotia,2564.1
2002-12-01,Novascotia,2700.808571428571
2003-01-01,Novascotia,2688.408571428571
2003-02-01,Novascotia,2428.84
2003-03-01,Novascotia,2681.3228571428576
2003-04-01,Novascotia,2618.7428571428572
2003-05-01,Novascotia,2716.9728571428573
2003-06-01,Novascotia,2635.542857142857
2003-07-01,Novascotia,2702.6685714285713
2003-08-01,Novascotia,2708.0271428571427
2003-09-01,Novascotia,2614.285714285714
2003-10-01,Novascotia,2699.0814285714287
2003-11-01,Novascotia,2617.0285714285715
2003-12-01,Novascotia,2740.5771428571434
2004-01-01,Novascotia,2723.9700000000003
2004-02-01,Novascotia,2531.2857142857147
2004-03-01,Novascotia,2736.7685714285712
2004-04-01,Novascotia,2656.971428571429
2004-05-01,Novascotia,2794.118571428571
2004-06-01,Novascotia,2689.4999999999995
2004-07-01,Novascotia,2778.5299999999997
2004-08-01,Novascotia,2778.707142857143
2004-09-01,Novascotia,2688.6000000000004
2004-10-01,Novascotia,2791.24
2004-11-01,Novascotia,2688.214285714286
2004-12-01,Novascotia,2851.867142857143
2005-01-01,Novascotia,2869.6257142857144
2005-02-01,Novascotia,2618.04
2005-03-01,Novascotia,2866.2157142857145
2005-04-01,Novascotia,2771.485714285714
2005-05-01,Novascotia,2900.227142857143
2005-06-01,Novascotia,2821.1142857142854
2005-07-01,Novascotia,2901.0242857142857
2005-08-01,Novascotia,2915.6385714285716
2005-09-01,Novascotia,2862.6428571428573
2005-10-01,Novascotia,2945.841428571429
2005-11-01,Novascotia,2846.3999999999996
2005-12-01,Novascotia,2946.5499999999997
2006-01-01,Novascotia,2970.597142857143
2006-02-01,Novascotia,2673.32
2006-03-01,Novascotia,2964.7514285714287
2006-04-01,Novascotia,2861.1857142857143
2006-05-01,Novascotia,2934.3714285714286
2006-06-01,Novascotia,2908.028571428571
2006-07-01,Novascotia,2991.1014285714286
2006-08-01,Novascotia,2998.6742857142854
2006-09-01,Novascotia,2896.5428571428574
2006-10-01,Novascotia,2974.8042857142855
2006-11-01,Novascotia,2902.8
2006-12-01,Novascotia,3040.612857142857
2007-01-01,Novascotia,3019.2228571428573
2007-02-01,Novascotia,2743.36
2007-03-01,Novascotia,3112.6657142857143
2007-04-01,Novascotia,2955.4714285714285
2007-05-01,Novascotia,3105.358571428572
2007-06-01,Novascotia,3026.1000000000004
2007-07-01,Novascotia,3072.8528571428574
2007-08-01,Novascotia,3089.1057142857144
2007-09-01,Novascotia,2951.614285714286
2007-10-01,Novascotia,3038.3985714285714
2007-11-01,Novascotia,2996.7428571428572
2007-12-01,Novascotia,3110.1857142857143
2008-01-01,Novascotia,3108.68
2008-02-01,Novascotia,2912.76
2008-03-01,Novascotia,3115.9871428571428
2008-04-01,Novascotia,3032.3571428571427
2008-05-01,Novascotia,3164.612857142857
2008-06-01,Novascotia,3053.828571428571
2008-07-01,Novascotia,3190.2542857142857
2008-08-01,Novascotia,3170.812857142857
2008-09-01,Novascotia,3057.7714285714287
2008-10-01,Novascotia,3178.0314285714285
2008-11-01,Novascotia,3071.6571428571433
2008-12-01,Novascotia,3209.74
2009-01-01,Novascotia,3192.734285714286
2009-02-01,Novascotia,2911.0
2009-03-01,Novascotia,3224.0
2009-04-01,Novascotia,3122.2285714285713
2009-05-01,Novascotia,3248.18
2009-06-01,Novascotia,3141.6
2009-07-01,Novascotia,3228.34
2009-08-01,Novascotia,3235.957142857143
2009-09-01,Novascotia,3153.514285714286
2009-10-01,Novascotia,3164.5242857142857
2009-11-01,Novascotia,3107.3571428571427
2009-12-01,Novascotia,3287.9928571428572
2010-01-01,Novascotia,3267.0014285714287
2010-02-01,Novascotia,3025.2
2010-03-01,Novascotia,3309.9142857142856
2010-04-01,Novascotia,3207.6857142857148
2010-05-01,Novascotia,3349.328571428571
2010-06-01,Novascotia,3272.9142857142856
2010-07-01,Novascotia,3395.0314285714285
2010-08-01,Novascotia,3352.8714285714286
2010-09-01,Novascotia,3268.8857142857146
2010-10-01,Novascotia,3361.772857142857
2010-11-01,Novascotia,3246.3
2010-12-01,Novascotia,3449.812857142857
2011-01-01,Novascotia,3344.634285714286
2011-02-01,Novascotia,3042.72
2011-03-01,Novascotia,3386.882857142857
2011-04-01,Novascotia,3264.8571428571427
2011-05-01,Novascotia,3371.9585714285713
2011-06-01,Novascotia,3313.328571428571
2011-07-01,Novascotia,3402.515714285714
2011-08-01,Novascotia,3389.8500000000004
2011-09-01,Novascotia,3238.2428571428572
2011-10-01,Novascotia,3367.2200000000003
2011-11-01,Novascotia,3316.8857142857146
2011-12-01,Novascotia,3457.7842857142855
2012-01-01,Novascotia,3416.82
2012-02-01,Novascotia,3186.644285714286
2012-03-01,Novascotia,3443.8785714285714
2012-04-01,Novascotia,3327.2999999999997
2012-05-01,Novascotia,3498.1285714285714
2012-06-01,Novascotia,3397.585714285714
2012-07-01,Novascotia,3498.792857142857
2012-08-01,Novascotia,3510.9271428571424
2012-09-01,Novascotia,3401.871428571428
2012-10-01,Novascotia,3498.1728571428566
2012-11-01,Novascotia,3449.8714285714286
2012-12-01,Novascotia,3575.2742857142857
2013-01-01,Novascotia,3471.5128571428572
2013-02-01,Novascotia,3147.68
2013-03-01,Novascotia,3479.75
2013-04-01,Novascotia,3371.057142857143
2013-05-01,Novascotia,3545.3371428571427
2013-06-01,Novascotia,3444.2571428571428
2013-07-01,Novascotia,3580.7214285714285
2013-08-01,Novascotia,3555.6114285714284
2013-09-01,Novascotia,3407.785714285714
2013-10-01,Novascotia,3533.2914285714287
2013-11-01,Novascotia,3458.2285714285713
2013-12-01,Novascotia,3580.19
2014-01-01,Novascotia,3549.8985714285714
2014-02-01,Novascotia,3255.32
2014-03-01,Novascotia,3585.194285714286
2014-04-01,Novascotia,3503.485714285714
2014-05-01,Novascotia,3664.908571428571
2014-06-01,Novascotia,3558.1714285714284
2014-07-01,Novascotia,3678.7257142857143
2014-08-01,Novascotia,3641.4814285714288
2014-09-01,Novascotia,3476.614285714286
2014-10-01,Novascotia,3631.96
2014-11-01,Novascotia,3499.2
2014-12-01,Novascotia,3705.6514285714284
2015-01-01,Novascotia,3678.0171428571425
2015-02-01,Novascotia,3316.36
2015-03-01,Novascotia,3644.7585714285715
2015-04-01,Novascotia,3579.9
2001-01-01,Ontario,3093.667142857143
2001-02-01,Ontario,2774.76
2001-03-01,Ontario,3087.068571428572
2001-04-01,Ontario,2973.128571428572
2001-05-01,Ontario,3048.0528571428567
2001-06-01,Ontario,2988.7285714285717
2001-07-01,Ontario,3085.1642857142856
2001-08-01,Ontario,3060.5414285714287
2001-09-01,Ontario,2997.7714285714287
2001-10-01,Ontario,3086.98
2001-11-01,Ontario,3004.457142857143
2001-12-01,Ontario,3089.4157142857143
2002-01-01,Ontario,3094.3757142857144
2002-02-01,Ontario,2796.6
2002-03-01,Ontario,3116.43
2002-04-01,Ontario,3050.7857142857147
2002-05-01,Ontario,3128.652857142857
2002-06-01,Ontario,3048.8999999999996
2002-07-01,Ontario,3171.6099999999997
2002-08-01,Ontario,3133.701428571429
2002-09-01,Ontario,3068.2285714285713
2002-10-01,Ontario,3183.877142857143
2002-11-01,Ontario,3085.5857142857144
2002-12-01,Ontario,3197.9157142857143
2003-01-01,Ontario,3173.16
2003-02-01,Ontario,2912.44
2003-03-01,Ontario,3194.5057142857145
2003-04-01,Ontario,3098.7428571428572
2003-05-01,Ontario,3195.0814285714287
2003-06-01,Ontario,3132.2999999999997
2003-07-01,Ontario,3215.01
2003-08-01,Ontario,3232.724285714286
2003-09-01,Ontario,3156.6857142857143
2003-10-01,Ontario,3258.41
2003-11-01,Ontario,3156.171428571429
2003-12-01,Ontario,3263.2814285714285
2004-01-01,Ontario,3301.9428571428575
2004-02-01,Ontario,3097.282857142857
2004-03-01,Ontario,3300.9242857142854
2004-04-01,Ontario,3207.171428571429
2004-05-01,Ontario,3325.68
2004-06-01,Ontario,3207.214285714286
2004-07-01,Ontario,3311.6857142857143
2004-08-01,Ontario,3300.88
2004-09-01,Ontario,3190.885714285714
2004-10-01,Ontario,3322.181428571428
2004-11-01,Ontario,3227.614285714286
2004-12-01,Ontario,3361.02
2005-01-01,Ontario,3386.2628571428572
2005-02-01,Ontario,3105.2
2005-03-01,Ontario,3382.0114285714285
2005-04-01,Ontario,3313.1571428571433
2005-05-01,Ontario,3421.957142857143
2005-06-01,Ontario,3343.671428571429
2005-07-01,Ontario,3416.4657142857145
2005-08-01,Ontario,3432.497142857143
2005-09-01,Ontario,3383.4
2005-10-01,Ontario,3472.4428571428575
2005-11-01,Ontario,3343.8
2005-12-01,Ontario,3463.5857142857144
2006-01-01,Ontario,3474.5242857142857
2006-02-01,Ontario,3151.36
2006-03-01,Ontario,3479.13
2006-04-01,Ontario,3358.0714285714284
2006-05-01,Ontario,3464.0285714285715
2006-06-01,Ontario,3363.6000000000004
2006-07-01,Ontario,3465.977142857143
2006-08-01,Ontario,3472.265714285714
2006-09-01,Ontario,3401.3999999999996
2006-10-01,Ontario,3527.091428571429
2006-11-01,Ontario,3394.028571428572
2006-12-01,Ontario,3572.3071428571425
2007-01-01,Ontario,3577.2671428571425
2007-02-01,Ontario,3239.56
2007-03-01,Ontario,3615.175714285714
2007-04-01,Ontario,3493.7142857142862
2007-05-01,Ontario,3609.462857142857
2007-06-01,Ontario,3547.0714285714284
2007-07-01,Ontario,3627.31
2007-08-01,Ontario,3606.6728571428566
2007-09-01,Ontario,3514.757142857143
2007-10-01,Ontario,3646.0871428571427
2007-11-01,Ontario,3560.1
2007-12-01,Ontario,3668.4957142857143
2008-01-01,Ontario,3675.537142857143
2008-02-01,Ontario,3498.352857142857
2008-03-01,Ontario,3705.1642857142856
2008-04-01,Ontario,3588.214285714286
2008-05-01,Ontario,3697.502857142857
2008-06-01,Ontario,3612.5142857142855
2008-07-01,Ontario,3683.6857142857143
2008-08-01,Ontario,3690.1514285714284
2008-09-01,Ontario,3592.2428571428577
2008-10-01,Ontario,3745.6857142857143
2008-11-01,Ontario,3627.385714285714
2008-12-01,Ontario,3708.928571428571
2009-01-01,Ontario,3730.141428571428
2009-02-01,Ontario,3412.44
2009-03-01,Ontario,3771.46
2009-04-01,Ontario,3630.9428571428575
2009-05-01,Ontario,3720.6642857142856
2009-06-01,Ontario,3624.7714285714287
2009-07-01,Ontario,3722.3028571428567
2009-08-01,Ontario,3725.092857142857
2009-09-01,Ontario,3646.1142857142854
2009-10-01,Ontario,3772.9657142857145
2009-11-01,Ontario,3669.8571428571427
2009-12-01,Ontario,3832.928571428571
2010-01-01,Ontario,3834.7000000000003
2010-02-01,Ontario,3530.16
2010-03-01,Ontario,3875.7085714285713
2010-04-01,Ontario,3736.4142857142856
2010-05-01,Ontario,3852.1485714285714
2010-06-01,Ontario,3762.4285714285716
2010-07-01,Ontario,3885.0528571428567
2010-08-01,Ontario,3906.4871428571428
2010-09-01,Ontario,3848.7
2010-10-01,Ontario,3923.891428571428
2010-11-01,Ontario,3822.342857142857
2010-12-01,Ontario,3967.734285714286
2011-01-01,Ontario,3985.8914285714286
2011-02-01,Ontario,3615.64
2011-03-01,Ontario,3988.6371428571424
2011-04-01,Ontario,3813.8999999999996
2011-05-01,Ontario,3938.5499999999997
2011-06-01,Ontario,3823.8857142857146
2011-07-01,Ontario,3907.417142857143
2011-08-01,Ontario,3910.34
2011-09-01,Ontario,3787.9285714285716
2011-10-01,Ontario,3987.1314285714284
2011-11-01,Ontario,3831.0
2011-12-01,Ontario,3987.884285714286
2012-01-01,Ontario,3989.4785714285717
2012-02-01,Ontario,3733.2942857142853
2012-03-01,Ontario,3989.0357142857138
2012-04-01,Ontario,3870.3428571428576
2012-05-01,Ontario,3982.6142857142854
2012-06-01,Ontario,3910.7571428571428
2012-07-01,Ontario,4023.18
2012-08-01,Ontario,4001.2142857142862
2012-09-01,Ontario,3876.7285714285713
2012-10-01,Ontario,4024.8628571428576
2012-11-01,Ontario,3901.8
2012-12-01,Ontario,4064.7642857142855
2013-01-01,Ontario,4047.6257142857144
2013-02-01,Ontario,3689.8799999999997
2013-03-01,Ontario,4072.3814285714284
2013-04-01,Ontario,3918.7714285714283
2013-05-01,Ontario,4066.8457142857146
2013-06-01,Ontario,3959.8714285714286
2013-07-01,Ontario,4047.138571428571
2013-08-01,Ontario,4068.262857142857
2013-09-01,Ontario,3909.557142857143
2013-10-01,Ontario,4079.2457142857147
2013-11-01,Ontario,3982.5
2013-12-01,Ontario,4134.204285714286
2014-01-01,Ontario,4129.5542857142855
2014-02-01,Ontario,3768.0000000000005
2014-03-01,Ontario,4138.588571428571
2014-04-01,Ontario,3996.9857142857145
2014-05-01,Ontario,4141.4228571428575
2014-06-01,Ontario,4043.657142857143
2014-07-01,Ontario,4172.865714285714
2014-08-01,Ontario,4145.851428571428
2014-09-01,Ontario,4008.428571428571
2014-10-01,Ontario,4148.2871428571425
2014-11-01,Ontario,4022.8714285714286
2014-12-01,Ontario,4208.825714285714
2015-01-01,Ontario,4212.0142857142855
2015-02-01,Ontario,3876.68
2015-03-01,Ontario,4290.178571428572
2015-04-01,Ontario,4134.857142857143
2001-01-01,Prince Edward Island,2372.1642857142856
2001-02-01,Prince Edward Island,2128.08
2001-03-01,Prince Edward Island,2368.0014285714287
2001-04-01,Prince Edward Island,2239.285714285714
2001-05-01,Prince Edward Island,2313.0871428571427
2001-06-01,Prince Edward Island,2269.1571428571433
2001-07-01,Prince Edward Island,2256.5785714285716
2001-08-01,Prince Edward Island,2366.938571428572
2001-09-01,Prince Edward Island,2279.5285714285715
2001-10-01,Prince Edward Island,2370.3485714285716
2001-11-01,Prince Edward Island,2295.5142857142855
2001-12-01,Prince Edward Island,2479.1142857142854
2002-01-01,Prince Edward Island,2491.514285714286
2002-02-01,Prince Edward Island,2204.16
2002-03-01,Prince Edward Island,2504.49
2002-04-01,Prince Edward Island,2395.5000000000005
2002-05-01,Prince Edward Island,2481.328571428571
2002-06-01,Prince Edward Island,2411.3571428571427
2002-07-01,Prince Edward Island,2394.7057142857143
2002-08-01,Prince Edward Island,2395.857142857143
2002-09-01,Prince Edward Island,2356.1142857142854
2002-10-01,Prince Edward Island,2468.884285714286
2002-11-01,Prince Edward Island,2421.642857142857
2002-12-01,Prince Edward Island,2562.7257142857143
2003-01-01,Prince Edward Island,2549.7057142857143
2003-02-01,Prince Edward Island,2303.28
2003-03-01,Prince Edward Island,2499.2200000000003
2003-04-01,Prince Edward Island,2422.8428571428576
2003-05-01,Prince Edward Island,2522.735714285714
2003-06-01,Prince Edward Island,2449.671428571429
2003-07-01,Prince Edward Island,2438.8142857142857
2003-08-01,Prince Edward Island,2472.8257142857146
2003-09-01,Prince Edward Island,2467.0285714285715
2003-10-01,Prince Edward Island,2538.9885714285715
2003-11-01,Prince Edward Island,2488.7142857142862
2003-12-01,Prince Edward Island,2591.555714285714
2004-01-01,Prince Edward Island,2614.6728571428566
2004-02-01,Prince Edward Island,2389.02
2004-03-01,Prince Edward Island,2571.8042857142855
2004-04-01,Prince Edward Island,2512.714285714286
2004-05-01,Prince Edward Island,2686.5042857142857
2004-06-01,Prince Edward Island,2524.671428571429
2004-07-01,Prince Edward Island,2526.632857142857
2004-08-01,Prince Edward Island,2496.3857142857146
2004-09-01,Prince Edward Island,2476.7999999999997
2004-10-01,Prince Edward Island,2589.562857142857
2004-11-01,Prince Edward Island,2543.2714285714283
2004-12-01,Prince Edward Island,2688.5414285714287
2005-01-01,Prince Edward Island,2675.2114285714288
2005-02-01,Prince Edward Island,2436.36
2005-03-01,Prince Edward Island,2663.4757142857143
2005-04-01,Prince Edward Island,2585.6571428571433
2005-05-01,Prince Edward Island,2656.4342857142856
2005-06-01,Prince Edward Island,2555.6571428571433
2005-07-01,Prince Edward Island,2630.66
2005-08-01,Prince Edward Island,2609.27
2005-09-01,Prince Edward Island,2583.042857142857
2005-10-01,Prince Edward Island,2681.7214285714285
2005-11-01,Prince Edward Island,2619.1285714285714
2005-12-01,Prince Edward Island,2769.717142857143
2006-01-01,Prince Edward Island,2765.5985714285716
2006-02-01,Prince Edward Island,2461.76
2006-03-01,Prince Edward Island,2744.74
2006-04-01,Prince Edward Island,2664.9
2006-05-01,Prince Edward Island,2781.142857142857
2006-06-01,Prince Edward Island,2688.8571428571427
2006-07-01,Prince Edward Island,2693.4128571428573
2006-08-01,Prince Edward Island,2689.382857142857
2006-09-01,Prince Edward Island,2679.9
2006-10-01,Prince Edward Island,2758.645714285714
2006-11-01,Prince Edward Island,2700.7285714285713
2006-12-01,Prince Edward Island,2865.772857142857
2007-01-01,Prince Edward Island,2845.0471428571423
2007-02-01,Prince Edward Island,2583.0
2007-03-01,Prince Edward Island,2930.7842857142855
2007-04-01,Prince Edward Island,2777.957142857143
2007-05-01,Prince Edward Island,2856.782857142857
2007-06-01,Prince Edward Island,2762.9142857142856
2007-07-01,Prince Edward Island,2769.451428571429
2007-08-01,Prince Edward Island,2779.7257142857143
2007-09-01,Prince Edward Island,2731.157142857143
2007-10-01,Prince Edward Island,2836.4557142857143
2007-11-01,Prince Edward Island,2815.9285714285716
2007-12-01,Prince Edward Island,2944.9114285714286
2008-01-01,Prince Edward Island,2906.515714285714
2008-02-01,Prince Edward Island,2742.695714285714
2008-03-01,Prince Edward Island,2911.387142857143
2008-04-01,Prince Edward Island,2846.3999999999996
2008-05-01,Prince Edward Island,2963.068571428572
2008-06-01,Prince Edward Island,2776.9285714285716
2008-07-01,Prince Edward Island,2897.3042857142855
2008-08-01,Prince Edward Island,2880.52
2008-09-01,Prince Edward Island,2785.457142857143
2008-10-01,Prince Edward Island,2944.158571428571
2008-11-01,Prince Edward Island,2848.5857142857144
2008-12-01,Prince Edward Island,3018.0271428571427
2009-01-01,Prince Edward Island,3049.115714285714
2009-02-01,Prince Edward Island,2796.36
2009-03-01,Prince Edward Island,3074.8457142857146
2009-04-01,Prince Edward Island,2986.9285714285716
2009-05-01,Prince Edward Island,3080.2485714285713
2009-06-01,Prince Edward Island,2954.8714285714286
2009-07-01,Prince Edward Island,3040.214285714286
2009-08-01,Prince Edward Island,2985.078571428571
2009-09-01,Prince Edward Island,2947.0714285714284
2009-10-01,Prince Edward Island,3081.3557142857144
2009-11-01,Prince Edward Island,2945.442857142857
2009-12-01,Prince Edward Island,3064.04
2010-01-01,Prince Edward Island,2998.275714285714
2010-02-01,Prince Edward Island,2860.0
2010-03-01,Prince Edward Island,3149.688571428572
2010-04-01,Prince Edward Island,3104.8285714285716
2010-05-01,Prince Edward Island,3230.022857142857
2010-06-01,Prince Edward Island,3030.8142857142857
2010-07-01,Prince Edward Island,3024.7585714285715
2010-08-01,Prince Edward Island,3010.2328571428575
2010-09-01,Prince Edward Island,2966.2714285714283
2010-10-01,Prince Edward Island,3156.862857142857
2010-11-01,Prince Edward Island,3078.128571428572
2010-12-01,Prince Edward Island,3242.7328571428575
2011-01-01,Prince Edward Island,3175.905714285714
2011-02-01,Prince Edward Island,2872.92
2011-03-01,Prince Edward Island,3247.87
2011-04-01,Prince Edward Island,3102.214285714286
2011-05-01,Prince Edward Island,3226.8342857142857
2011-06-01,Prince Edward Island,3062.3142857142852
2011-07-01,Prince Edward Island,3074.0042857142857
2011-08-01,Prince Edward Island,3081.9757142857143
2011-09-01,Prince Edward Island,3095.528571428571
2011-10-01,Prince Edward Island,3183.3457142857146
2011-11-01,Prince Edward Island,3166.5
2011-12-01,Prince Edward Island,3254.38
2012-01-01,Prince Edward Island,3215.497142857143
2012-02-01,Prince Edward Island,3038.3714285714286
2012-03-01,Prince Edward Island,3351.542857142857
2012-04-01,Prince Edward Island,3150.0428571428574
2012-05-01,Prince Edward Island,3349.107142857143
2012-06-01,Prince Edward Island,3231.342857142857
2012-07-01,Prince Edward Island,3207.7914285714287
2012-08-01,Prince Edward Island,3191.3614285714284
2012-09-01,Prince Edward Island,3123.514285714286
2012-10-01,Prince Edward Island,3218.73
2012-11-01,Prince Edward Island,3214.842857142857
2012-12-01,Prince Edward Island,3334.8028571428567
2013-01-01,Prince Edward Island,3271.252857142857
2013-02-01,Prince Edward Island,2976.4
2013-03-01,Prince Edward Island,3373.907142857143
2013-04-01,Prince Edward Island,3241.671428571429
2013-05-01,Prince Edward Island,3409.247142857143
2013-06-01,Prince Edward Island,3238.4142857142856
2013-07-01,Prince Edward Island,3271.3857142857146
2013-08-01,Prince Edward Island,3261.5542857142855
2013-09-01,Prince Edward Island,3198.6428571428573
2013-10-01,Prince Edward Island,3326.2999999999997
2013-11-01,Prince Edward Island,3244.285714285714
2013-12-01,Prince Edward Island,3441.6642857142856
2014-01-01,Prince Edward Island,3413.808571428571
2014-02-01,Prince Edward Island,3081.04
2014-03-01,Prince Edward Island,3431.655714285714
2014-04-01,Prince Edward Island,3342.4285714285716
2014-05-01,Prince Edward Island,3426.0314285714285
2014-06-01,Prince Edward Island,3358.9714285714285
2014-07-01,Prince Edward Island,3356.6357142857146
2014-08-01,Prince Edward Island,3363.0128571428572
2014-09-01,Prince Edward Island,3247.9714285714285
2014-10-01,Prince Edward Island,3428.7771428571427
2014-11-01,Prince Edward Island,3353.7
2014-12-01,Prince Edward Island,3559.0657142857144
2015-01-01,Prince Edward Island,3518.0128571428572
2015-02-01,Prince Edward Island,3169.04
2015-03-01,Prince Edward Island,3543.2999999999997
2015-04-01,Prince Edward Island,3471.0857142857144
2001-01-01,Quebec,2767.015714285714
2001-02-01,Quebec,2495.72
2001-03-01,Quebec,2758.734285714286
2001-04-01,Quebec,2653.3714285714286
2001-05-01,Quebec,2740.842857142857
2001-06-01,Quebec,2672.142857142857
2001-07-01,Quebec,2745.6257142857144
2001-08-01,Quebec,2768.078571428571
2001-09-01,Quebec,2666.442857142857
2001-10-01,Quebec,2762.542857142857
2001-11-01,Quebec,2682.1285714285714
2001-12-01,Quebec,2794.8271428571434
2002-01-01,Quebec,2829.7685714285712
2002-02-01,Quebec,2502.04
2002-03-01,Quebec,2768.078571428571
2002-04-01,Quebec,2737.7571428571423
2002-05-01,Quebec,2850.582857142857
2002-06-01,Quebec,2730.4285714285716
2002-07-01,Quebec,2835.437142857143
2002-08-01,Quebec,2825.34
2002-09-01,Quebec,2721.428571428571
2002-10-01,Quebec,2892.8314285714287
2002-11-01,Quebec,2736.0
2002-12-01,Quebec,2887.4728571428573
2003-01-01,Quebec,2868.6514285714284
2003-02-01,Quebec,2604.72
2003-03-01,Quebec,2856.694285714286
2003-04-01,Quebec,2787.0857142857144
2003-05-01,Quebec,2900.98
2003-06-01,Quebec,2814.8571428571427
2003-07-01,Quebec,2944.8228571428576
2003-08-01,Quebec,2869.98
2003-09-01,Quebec,2822.057142857143
2003-10-01,Quebec,2955.097142857143
2003-11-01,Quebec,2845.5000000000005
2003-12-01,Quebec,2964.574285714286
2004-01-01,Quebec,2929.5442857142857
2004-02-01,Quebec,2746.7142857142853
2004-03-01,Quebec,2939.862857142857
2004-04-01,Quebec,2877.5142857142855
2004-05-01,Quebec,2976.93
2004-06-01,Quebec,2898.3
2004-07-01,Quebec,2973.1657142857143
2004-08-01,Quebec,2962.847142857143
2004-09-01,Quebec,2971.5428571428574
2004-10-01,Quebec,2962.1385714285716
2004-11-01,Quebec,2887.9714285714285
2004-12-01,Quebec,3047.6542857142854
2005-01-01,Quebec,3016.122857142857
2005-02-01,Quebec,2762.76
2005-03-01,Quebec,3094.818571428572
2005-04-01,Quebec,2922.6857142857148
2005-05-01,Quebec,3036.1842857142856
2005-06-01,Quebec,3000.685714285714
2005-07-01,Quebec,3073.782857142857
2005-08-01,Quebec,3080.6028571428574
2005-09-01,Quebec,3053.2714285714283
2005-10-01,Quebec,3087.6442857142856
2005-11-01,Quebec,2969.1
2005-12-01,Quebec,3114.747142857143
2006-01-01,Quebec,3048.097142857143
2006-02-01,Quebec,2779.12
2006-03-01,Quebec,3140.432857142857
2006-04-01,Quebec,2999.014285714286
2006-05-01,Quebec,3095.305714285714
2006-06-01,Quebec,3066.342857142857
2006-07-01,Quebec,3131.6642857142856
2006-08-01,Quebec,3200.2628571428572
2006-09-01,Quebec,3000.685714285714
2006-10-01,Quebec,3122.0985714285716
2006-11-01,Quebec,3113.057142857143
2006-12-01,Quebec,3177.5442857142857
2007-01-01,Quebec,3164.391428571428
2007-02-01,Quebec,2898.68
2007-03-01,Quebec,3284.671428571429
2007-04-01,Quebec,3122.2285714285713
2007-05-01,Quebec,3334.3157142857144
2007-06-01,Quebec,3144.4285714285716
2007-07-01,Quebec,3267.444285714286
2007-08-01,Quebec,3283.1657142857143
2007-09-01,Quebec,3159.8142857142852
2007-10-01,Quebec,3252.962857142857
2007-11-01,Quebec,3208.328571428571
2007-12-01,Quebec,3305.485714285714
2008-01-01,Quebec,3319.8342857142857
2008-02-01,Quebec,3045.165714285714
2008-03-01,Quebec,3320.5871428571427
2008-04-01,Quebec,3236.3571428571427
2008-05-01,Quebec,3363.0128571428572
2008-06-01,Quebec,3216.9857142857145
2008-07-01,Quebec,3405.2614285714285
2008-08-01,Quebec,3260.9342857142856
2008-09-01,Quebec,3184.9714285714285
2008-10-01,Quebec,3377.272857142857
2008-11-01,Quebec,3210.3428571428576
2008-12-01,Quebec,3320.41
2009-01-01,Quebec,3284.317142857143
2009-02-01,Quebec,3011.68
2009-03-01,Quebec,3327.5842857142857
2009-04-01,Quebec,3238.2000000000003
2009-05-01,Quebec,3324.395714285714
2009-06-01,Quebec,3284.014285714286
2009-07-01,Quebec,3401.0985714285716
2009-08-01,Quebec,3370.187142857143
2009-09-01,Quebec,3274.542857142857
2009-10-01,Quebec,3368.3271428571434
2009-11-01,Quebec,3266.2285714285717
2009-12-01,Quebec,3400.1242857142856
2010-01-01,Quebec,3363.5442857142857
2010-02-01,Quebec,3083.72
2010-03-01,Quebec,3413.4985714285713
2010-04-01,Quebec,3322.3285714285716
2010-05-01,Quebec,3453.4885714285715
2010-06-01,Quebec,3393.942857142857
2010-07-01,Quebec,3474.79
2010-08-01,Quebec,3476.118571428571
2010-09-01,Quebec,3411.3857142857146
2010-10-01,Quebec,3496.578571428571
2010-11-01,Quebec,3418.9714285714285
2010-12-01,Quebec,3561.191428571429
2011-01-01,Quebec,3504.107142857143
2011-02-01,Quebec,3201.88
2011-03-01,Quebec,3555.6114285714284
2011-04-01,Quebec,3400.8428571428567
2011-05-01,Quebec,3527.1357142857146
2011-06-01,Quebec,3468.942857142857
2011-07-01,Quebec,3561.7228571428573
2011-08-01,Quebec,3516.285714285714
2011-09-01,Quebec,3448.7571428571428
2011-10-01,Quebec,3594.892857142857
2011-11-01,Quebec,3488.3142857142857
2011-12-01,Quebec,3625.671428571429
2012-01-01,Quebec,3545.6028571428574
2012-02-01,Quebec,3354.471428571429
2012-03-01,Quebec,3626.2914285714287
2012-04-01,Quebec,3482.2714285714287
2012-05-01,Quebec,3681.7814285714285
2012-06-01,Quebec,3473.1
2012-07-01,Quebec,3634.0414285714287
2012-08-01,Quebec,3702.551428571428
2012-09-01,Quebec,3554.914285714286
2012-10-01,Quebec,3677.6628571428573
2012-11-01,Quebec,3590.2285714285713
2012-12-01,Quebec,3687.582857142857
2013-01-01,Quebec,3647.637142857143
2013-02-01,Quebec,3306.16
2013-03-01,Quebec,3590.3314285714287
2013-04-01,Quebec,3535.0714285714284
2013-05-01,Quebec,3727.484285714286
2013-06-01,Quebec,3595.328571428571
2013-07-01,Quebec,3693.207142857143
2013-08-01,Quebec,3687.2285714285717
2013-09-01,Quebec,3568.028571428571
2013-10-01,Quebec,3770.707142857143
2013-11-01,Quebec,3545.0142857142855
2013-12-01,Quebec,3738.112857142857
2014-01-01,Quebec,3695.51
2014-02-01,Quebec,3353.4
2014-03-01,Quebec,3703.7914285714287
2014-04-01,Quebec,3612.7285714285713
2014-05-01,Quebec,3792.0528571428567
2014-06-01,Quebec,3673.2000000000003
2014-07-01,Quebec,3873.7157142857145
2014-08-01,Quebec,3735.6771428571424
2014-09-01,Quebec,3612.5142857142855
2014-10-01,Quebec,3803.3457142857146
2014-11-01,Quebec,3619.3285714285716
2014-12-01,Quebec,3817.96
2015-01-01,Quebec,3749.8042857142855
2015-02-01,Quebec,3430.12
2015-03-01,Quebec,3813.4428571428575
2015-04-01,Quebec,3776.871428571428
2001-01-01,Saskatchewan,2641.775714285714
2001-02-01,Saskatchewan,2380.36
2001-03-01,Saskatchewan,2608.8271428571434
2001-04-01,Saskatchewan,2525.8714285714286
2001-05-01,Saskatchewan,2601.387142857143
2001-06-01,Saskatchewan,2561.3571428571427
2001-07-01,Saskatchewan,2614.23
2001-08-01,Saskatchewan,2651.0757142857146
2001-09-01,Saskatchewan,2575.5000000000005
2001-10-01,Saskatchewan,2673.484285714286
2001-11-01,Saskatchewan,2532.4285714285716
2001-12-01,Saskatchewan,2682.6957142857145
2002-01-01,Saskatchewan,2675.6099999999997
2002-02-01,Saskatchewan,2397.08
2002-03-01,Saskatchewan,2679.8614285714284
2002-04-01,Saskatchewan,2621.442857142857
2002-05-01,Saskatchewan,2649.082857142857
2002-06-01,Saskatchewan,2587.0285714285715
2002-07-01,Saskatchewan,2702.092857142857
2002-08-01,Saskatchewan,2665.4685714285715
2002-09-01,Saskatchewan,2631.942857142857
2002-10-01,Saskatchewan,2703.4657142857145
2002-11-01,Saskatchewan,2656.971428571429
2002-12-01,Saskatchewan,2782.6485714285714
2003-01-01,Saskatchewan,2754.925714285714
2003-02-01,Saskatchewan,2528.08
2003-03-01,Saskatchewan,2760.9928571428572
2003-04-01,Saskatchewan,2704.542857142857
2003-05-01,Saskatchewan,2750.94
2003-06-01,Saskatchewan,2742.6
2003-07-01,Saskatchewan,2766.9271428571424
2003-08-01,Saskatchewan,2820.6014285714286
2003-09-01,Saskatchewan,2773.7571428571428
2003-10-01,Saskatchewan,2815.641428571428
2003-11-01,Saskatchewan,2755.5000000000005
2003-12-01,Saskatchewan,2859.617142857143
2004-01-01,Saskatchewan,2841.9471428571433
2004-02-01,Saskatchewan,2664.602857142857
2004-03-01,Saskatchewan,2864.887142857143
2004-04-01,Saskatchewan,2721.514285714286
2004-05-01,Saskatchewan,2901.068571428572
2004-06-01,Saskatchewan,2780.0142857142855
2004-07-01,Saskatchewan,2891.06
2004-08-01,Saskatchewan,2908.198571428572
2004-09-01,Saskatchewan,2792.442857142857
2004-10-01,Saskatchewan,2931.98
2004-11-01,Saskatchewan,2868.6428571428573
2004-12-01,Saskatchewan,2952.7942857142857
2005-01-01,Saskatchewan,3016.8314285714287
2005-02-01,Saskatchewan,2721.76
2005-03-01,Saskatchewan,2926.0014285714287
2005-04-01,Saskatchewan,2869.885714285714
2005-05-01,Saskatchewan,3007.5757142857146
2005-06-01,Saskatchewan,2885.1
2005-07-01,Saskatchewan,2993.6257142857144
2005-08-01,Saskatchewan,3034.191428571429
2005-09-01,Saskatchewan,2937.4714285714285
2005-10-01,Saskatchewan,3072.2771428571427
2005-11-01,Saskatchewan,2964.642857142857
2005-12-01,Saskatchewan,3049.0271428571427
2006-01-01,Saskatchewan,3116.341428571429
2006-02-01,Saskatchewan,2789.16
2006-03-01,Saskatchewan,3075.997142857143
2006-04-01,Saskatchewan,3024.557142857143
2006-05-01,Saskatchewan,3111.514285714286
2006-06-01,Saskatchewan,3031.2
2006-07-01,Saskatchewan,3131.62
2006-08-01,Saskatchewan,3104.561428571428
2006-09-01,Saskatchewan,3043.3714285714286
2006-10-01,Saskatchewan,3175.8614285714284
2006-11-01,Saskatchewan,3024.0
2006-12-01,Saskatchewan,3217.578571428571
2007-01-01,Saskatchewan,3244.902857142857
2007-02-01,Saskatchewan,2929.08
2007-03-01,Saskatchewan,3272.094285714286
2007-04-01,Saskatchewan,3143.871428571429
2007-05-01,Saskatchewan,3254.2914285714287
2007-06-01,Saskatchewan,3234.1285714285714
2007-07-01,Saskatchewan,3304.6000000000004
2007-08-01,Saskatchewan,3273.068571428572
2007-09-01,Saskatchewan,3261.9
2007-10-01,Saskatchewan,3354.2885714285712
2007-11-01,Saskatchewan,3243.7714285714283
2007-12-01,Saskatchewan,3406.59
2008-01-01,Saskatchewan,3358.7614285714285
2008-02-01,Saskatchewan,3215.5614285714287
2008-03-01,Saskatchewan,3431.3457142857146
2008-04-01,Saskatchewan,3350.7428571428572
2008-05-01,Saskatchewan,3408.317142857143
2008-06-01,Saskatchewan,3361.2857142857138
2008-07-01,Saskatchewan,3425.765714285714
2008-08-01,Saskatchewan,3503.841428571429
2008-09-01,Saskatchewan,3414.2571428571428
2008-10-01,Saskatchewan,3502.3357142857144
2008-11-01,Saskatchewan,3417.042857142857
2008-12-01,Saskatchewan,3501.272857142857
2009-01-01,Saskatchewan,3532.76
2009-02-01,Saskatchewan,3191.12
2009-03-01,Saskatchewan,3525.8514285714286
2009-04-01,Saskatchewan,3356.1857142857143
2009-05-01,Saskatchewan,3501.892857142857
2009-06-01,Saskatchewan,3439.2
2009-07-01,Saskatchewan,3508.3142857142857
2009-08-01,Saskatchewan,3527.932857142857
2009-09-01,Saskatchewan,3478.7142857142862
2009-10-01,Saskatchewan,3597.682857142857
2009-11-01,Saskatchewan,3491.485714285714
2009-12-01,Saskatchewan,3654.324285714286
2010-01-01,Saskatchewan,3686.608571428572
2010-02-01,Saskatchewan,3308.68
2010-03-01,Saskatchewan,3698.6099999999997
2010-04-01,Saskatchewan,3578.7428571428572
2010-05-01,Saskatchewan,3680.895714285714
2010-06-01,Saskatchewan,3618.3428571428567
2010-07-01,Saskatchewan,3694.6242857142856
2010-08-01,Saskatchewan,3753.347142857143
2010-09-01,Saskatchewan,3626.1428571428573
2010-10-01,Saskatchewan,3818.358571428572
2010-11-01,Saskatchewan,3682.285714285714
2010-12-01,Saskatchewan,3810.8742857142856
2011-01-01,Saskatchewan,3903.4757142857143
2011-02-01,Saskatchewan,3439.96
2011-03-01,Saskatchewan,3819.4657142857145
2011-04-01,Saskatchewan,3741.428571428571
2011-05-01,Saskatchewan,3762.558571428571
2011-06-01,Saskatchewan,3650.357142857143
2011-07-01,Saskatchewan,3830.847142857143
2011-08-01,Saskatchewan,3911.801428571428
2011-09-01,Saskatchewan,3845.442857142857
2011-10-01,Saskatchewan,3949.5771428571434
2011-11-01,Saskatchewan,3834.9857142857145
2011-12-01,Saskatchewan,3946.8314285714287
2012-01-01,Saskatchewan,4025.571428571429
2012-02-01,Saskatchewan,3754.1742857142854
2012-03-01,Saskatchewan,4037.2185714285715
2012-04-01,Saskatchewan,3868.328571428571
2012-05-01,Saskatchewan,3969.594285714286
2012-06-01,Saskatchewan,3919.6285714285714
2012-07-01,Saskatchewan,4105.2414285714285
2012-08-01,Saskatchewan,4128.225714285714
2012-09-01,Saskatchewan,3976.242857142857
2012-10-01,Saskatchewan,4124.55
2012-11-01,Saskatchewan,3955.714285714286
2012-12-01,Saskatchewan,4133.274285714286
2013-01-01,Saskatchewan,4091.8228571428576
2013-02-01,Saskatchewan,3808.7200000000003
2013-03-01,Saskatchewan,4224.7242857142855
2013-04-01,Saskatchewan,4011.4714285714285
2013-05-01,Saskatchewan,4139.12
2013-06-01,Saskatchewan,4064.314285714286
2013-07-01,Saskatchewan,4190.801428571428
2013-08-01,Saskatchewan,4172.599999999999
2013-09-01,Saskatchewan,4036.371428571429
2013-10-01,Saskatchewan,4180.217142857143
2013-11-01,Saskatchewan,4107.128571428571
2013-12-01,Saskatchewan,4271.49
2014-01-01,Saskatchewan,4168.348571428571
2014-02-01,Saskatchewan,3880.2
2014-03-01,Saskatchewan,4282.650000000001
2014-04-01,Saskatchewan,4181.142857142857
2014-05-01,Saskatchewan,4245.5828571428565
2014-06-01,Saskatchewan,4201.114285714286
2014-07-01,Saskatchewan,4331.762857142857
2014-08-01,Saskatchewan,4358.29
2014-09-01,Saskatchewan,4196.528571428571
2014-10-01,Saskatchewan,4361.921428571429
2014-11-01,Saskatchewan,4252.757142857143
2014-12-01,Saskatchewan,4390.0428571428565
2015-01-01,Saskatchewan,4351.5142857142855
2015-02-01,Saskatchewan,3964.84
2015-03-01,Saskatchewan,4378.927142857143
2015-04-01,Saskatchewan,4188.642857142857
